{"num_phantom_bedrooms": 2.9087978534486245, "buckets": [663.34039480838601, 605.38475212252274, 555.8804184183864, 526.46769477216822, 505.11152391757645, 487.07556077867451, 468.24849513916553, 452.74742267474693, 437.35193337398744, 424.04420922611445, 406.38759870602564, 387.24438346422357, 368.9607569481725, 353.69424490263901, 334.38588119194901, 315.90444783165475, 291.75020460741518]}