{"num_phantom_bedrooms": 2.9808359633648904, "buckets": [615.12024602210488, 553.00853438148908, 512.40570266998668, 486.28419853373487, 460.09075146304042, 439.42292091526372, 423.94850396502682, 410.00565792106806, 397.443921709184, 384.88896003451663, 372.61895753267584, 360.48214942170688, 349.00812217308754, 337.86442864379097, 325.01188216604305, 309.41125103669191, 288.41678831240324]}