{"num_phantom_bedrooms": 2.7178191531226239, "buckets": [1993.9893020308325, 829.28789928074843, 760.66375187328936, 706.72311196144506, 658.08952071282897, 609.63373354802468, 584.86975970164679, 561.53955577877537, 536.10539039658954, 513.92126450901196, 492.19781520195772, 472.98886282131997, 454.36960270574258, 435.72382770883075, 413.23381292063669, 389.07125112947676, 363.76429357757092, 313.81815500047196]}