{"num_phantom_bedrooms": 3.1143091237847833, "buckets": [631.16953290801507, 571.82381528631834, 525.06698278897818, 500.58446889262927, 483.0120245877842, 465.15058204579691, 443.34352109254365, 425.73195599609187, 411.32026442679893, 400.22580014971317, 389.15351398686033, 377.08305702902823, 364.38482411229631, 351.75843882360886, 335.07357263818898, 315.6170071416625, 295.0593219178902]}