{"num_phantom_bedrooms": 2.7158447766738649, "buckets": [662.46297836329427, 585.64926212744547, 542.42863868819586, 510.9797409493687, 478.27959814523291, 457.31892060125563, 439.75356317952424, 423.35803101548868, 409.35389640325081, 396.01780055458448, 383.56939846508823, 370.56381872717327, 357.02104810612332, 341.50129354416543, 326.77505640891167, 309.51317325340659, 287.74353698595939]}