{"num_phantom_bedrooms": 2.9087978534486245, "buckets": [1013.649908485223, 663.6326331649002, 605.48496899112718, 555.75848286106464, 526.65897706186695, 505.16508275847934, 486.63598633575367, 468.28105914281844, 452.68322444896739, 437.39344184129686, 423.90614133011678, 406.30511694795047, 387.45281251116421, 369.21621979038434, 353.80632404807665, 334.57116819159177, 315.86578208440733, 291.75486379929941]}