{"num_phantom_bedrooms": 2.7651005133104078, "buckets": [666.81689990889856, 597.40473415835197, 548.22864030897313, 522.90110650335578, 504.08010754292644, 484.8176597844498, 467.32426449888379, 450.27199144354796, 436.47729955493327, 420.77074967803031, 403.88549399570621, 388.88276091881607, 372.93136302930623, 356.15834525980654, 339.02834192413673, 318.11069047923365, 296.62341529980193]}