{"num_phantom_bedrooms": 2.6029283946076633, "buckets": [649.7810444057385, 566.49296886613786, 524.384995892289, 486.98362379646915, 462.17270324687075, 439.85528901792816, 420.21692446224193, 403.61506736617184, 390.00385920355018, 375.83449897303626, 361.44745366517691, 348.96655512223373, 336.3544467581421, 321.42980890681372, 307.09619635019243, 293.92433975385774, 278.0686334352032]}