{"num_phantom_bedrooms": 2.8352368265144339, "buckets": [847.12301257924662, 835.4862676304565, 824.3771844375018, 811.88191942831747, 800.27528784738229, 789.16228697847532, 781.53256060806086, 773.26239323244454, 763.17139248924173, 754.31771623978273, 746.56198455835261, 735.83305518362727, 720.11148109370959, 699.57246980288096, 669.99628961351164, 634.25337947892695, 591.58575258058374]}