{"num_phantom_bedrooms": 3.2856045009031671, "buckets": [721.1732583906703, 670.42883411849175, 631.30520745290266, 592.15995607418745, 561.7160409322579, 528.14107013685748, 496.79454108456815, 465.67477299920284, 439.04182076513916, 412.39057840384982, 389.61104431162647, 366.77703186007307, 348.43250241550749, 329.51659575905683, 308.99731398997761, 282.64089675080544, 242.76034269787701]}