{"num_phantom_bedrooms": 2.9087978534486245, "buckets": [658.37024399704092, 603.79138880251605, 553.04299130320896, 525.19984827662893, 506.51080584734535, 487.27335182194764, 466.75657723821945, 450.50730333169651, 437.13775296325042, 423.65353466645536, 405.54396713336376, 387.88157857218005, 369.30378499262889, 355.33535229675158, 333.22815569996419, 316.8411519163181, 292.03068121516947]}