{"num_phantom_bedrooms": 3.1821420195622396, "buckets": [596.97930342994675, 525.82734032062763, 502.07455854487176, 485.65967516498176, 460.58057320258274, 435.53635364904687, 415.44533247792168, 400.5878422764643, 387.79415740361645, 375.10814591657532, 364.41823677479454, 351.16749876853652, 338.63688405432299, 326.89338659290723, 314.21569261400015, 297.46020750968478, 271.79461436881382]}