{"num_phantom_bedrooms": 3.4108028404508857, "buckets": [569.71852682352392, 511.64404389618329, 482.86539665713764, 461.73223918230326, 444.24881805602314, 421.93814901970444, 406.92880994186669, 392.38728968162349, 380.76760833482928, 369.7862864175633, 358.37087624266093, 347.13415291289459, 335.57345716232845, 324.04657839900602, 306.75702516720685, 282.79859032016356, 265.50291151722382]}