{"num_phantom_bedrooms": 2.8913795850184427, "buckets": [832.54832990660532, 617.69665428410599, 562.8910210416235, 527.06797306420901, 493.77250163167577, 463.65918173737282, 441.48227401054601, 425.30733073788281, 407.57344107401781, 393.55071781235114, 380.7823956206102, 369.69444642736778, 359.53834974842647, 348.02408900795348, 335.16534089347118, 322.9573157116389, 304.5927725605431, 283.9972660399547]}