{"num_phantom_bedrooms": 5.4285418969282189, "buckets": [416.88799968610346, 381.55092780494175, 358.95602232415945, 339.91676466140609, 326.30831706423925, 307.91116559395221, 292.38786750860658, 281.32688549688464, 273.47574780951589, 265.16751014389018, 255.33164162087763, 244.72407057609027, 235.22145764897661, 224.93765997945121, 215.50828802126225, 204.50250413977423, 189.92603310674741]}