{"num_phantom_bedrooms": 6.6746052348772018, "buckets": [389.81688839506745, 376.98006046982493, 358.31798559086189, 339.3578392574567, 320.46738112546882, 302.75795969880818, 288.63603352884172, 275.48780204706998, 263.55908493982861, 254.38007948795675, 245.23515521343901, 231.02049428942732, 214.97052066327362, 205.22831200932072, 193.01987822520059, 183.9751445784689, 174.37855495404912]}