{"num_phantom_bedrooms": 3.5455927691138198, "buckets": [839.96514755752571, 573.34198989860522, 519.27009139551842, 476.94852653009178, 451.05632999017769, 430.93965987773856, 409.41728136214419, 390.91201363345692, 376.03766216595324, 364.48858590747022, 352.35724103864533, 338.47021577111553, 325.26773528102672, 308.46587231431096, 292.80793553345433, 278.41099342302061, 263.50760338456979, 243.77642962944748]}