{"num_phantom_bedrooms": 2.5634269575648658, "buckets": [688.34303534543835, 613.40005558868893, 564.86303351591948, 530.51194541858206, 502.83669918544763, 476.55760368369175, 457.03071307298217, 441.09091660321019, 426.59850264881157, 410.72554334203159, 395.64357015856166, 381.99189390690486, 368.12375594494426, 354.27257753899403, 337.80103304857352, 320.48306552864489, 301.69357837585977]}