{"num_phantom_bedrooms": 3.3954787900867047, "buckets": [581.38765312440444, 532.79901670904053, 500.51191523641165, 475.85281054929305, 456.91691987535881, 432.58525231201889, 412.86076669383874, 394.27258293947773, 378.77205977262236, 365.49180812026447, 355.08660335934189, 343.34539549154943, 332.44736026351978, 318.78240039670828, 304.04060112011467, 286.47975925405456, 265.49953190127019]}