{"num_phantom_bedrooms": 3.1102266880542389, "buckets": [823.65938757497418, 808.26201281913109, 798.15405098479857, 787.46115685229427, 775.95797777864198, 763.92949831776843, 755.95916913165809, 744.321363033426, 735.0240086026073, 726.64468681219898, 717.33005057834168, 709.4746538830284, 703.4085230405542, 693.59642916464554, 674.70167632964478, 642.96873584897548, 595.92691079341864]}